,A4,A35,A58,A63,A89,A94,A36,A42,A47,A59,A75,A98,A40,A51,A57,A2,A28,A85,A95,A7,A12,A13,A31,A50,A53,A96,A22,A44,A46,A64,A99,A17,A21,A41,A72,A88,A92,A15,A16,A23,A70,A8,A20,A49,A71,A78,A87,A100,A55,A62,A68,A5,A24,A27,A48,A74,A77,A82
A4,0.0,0.33333,0.33333,0.16666999999999998,0.16666999999999998,0.16666999999999998,0.33333,0.33333,0.33333,0.16666999999999998,0.16666999999999998,0.16666999999999998,0.33333,0.33333,0.33333,0.33333,0.16666999999999998,0.16666999999999998,0.33333,0.83333,1.0,1.0,1.0,0.83333,1.0,1.0,1.0,0.83333,1.0,0.83333,1.0,1.0,1.0,1.0,1.0,1.0,1.0,0.33333,0.5,0.5,0.5,1.0,1.0,1.0,1.0,1.0,1.0,1.0,1.0,1.0,1.0,1.0,1.0,1.0,1.0,1.0,1.0,1.0
A35,0.33333,0.0,0.16666999999999998,0.33333,0.33333,0.33333,0.16666999999999998,0.66667,0.16666999999999998,0.33333,0.66667,0.33333,0.66667,0.33333,0.16666999999999998,0.33333,0.5,0.33333,0.33333,1.0,1.0,1.0,1.0,1.0,1.0,1.0,1.0,1.0,0.5,1.0,1.0,1.0,1.0,1.0,1.0,1.0,1.0,1.0,1.0,1.0,1.0,0.83333,1.0,0.83333,1.0,1.0,0.66667,1.0,0.66667,0.66667,0.66667,0.83333,0.66667,0.83333,0.83333,0.83333,0.66667,0.66667
A58,0.33333,0.16666999999999998,0.0,0.33333,0.33333,0.33333,0.16666999999999998,0.33333,0.16666999999999998,0.33333,0.33333,0.5,0.16666999999999998,0.16666999999999998,0.16666999999999998,0.16666999999999998,0.33333,0.5,0.16666999999999998,1.0,1.0,1.0,1.0,1.0,1.0,1.0,1.0,1.0,0.83333,0.83333,1.0,1.0,1.0,1.0,1.0,1.0,1.0,0.83333,0.83333,1.0,1.0,1.0,1.0,1.0,0.5,1.0,1.0,1.0,1.0,0.83333,0.83333,1.0,0.83333,1.0,0.83333,1.0,1.0,1.0
A63,0.16666999999999998,0.33333,0.33333,0.0,0.0,0.16666999999999998,0.33333,0.33333,0.33333,0.0,0.33333,0.16666999999999998,0.33333,0.33333,0.33333,0.33333,0.16666999999999998,0.16666999999999998,0.33333,0.83333,0.83333,1.0,0.83333,1.0,1.0,1.0,1.0,1.0,1.0,1.0,1.0,1.0,1.0,1.0,1.0,1.0,1.0,0.66667,0.83333,1.0,0.83333,0.5,1.0,0.5,1.0,1.0,0.66667,0.66667,1.0,1.0,1.0,1.0,0.83333,1.0,1.0,1.0,1.0,1.0
A89,0.16666999999999998,0.33333,0.33333,0.0,0.0,0.0,0.33333,0.33333,0.33333,0.16666999999999998,0.16666999999999998,0.33333,0.33333,0.33333,0.33333,0.33333,0.33333,0.16666999999999998,0.33333,1.0,1.0,1.0,0.66667,0.83333,1.0,0.83333,1.0,0.83333,1.0,0.83333,0.83333,0.83333,1.0,1.0,0.83333,1.0,1.0,0.83333,0.5,0.83333,0.66667,0.83333,1.0,1.0,1.0,0.83333,1.0,1.0,1.0,1.0,1.0,0.66667,1.0,0.83333,1.0,0.83333,1.0,1.0
A94,0.16666999999999998,0.33333,0.33333,0.16666999999999998,0.0,0.0,0.33333,0.33333,0.33333,0.16666999999999998,0.16666999999999998,0.0,0.33333,0.33333,0.66667,0.33333,0.33333,0.66667,0.33333,1.0,1.0,1.0,1.0,1.0,1.0,1.0,0.83333,1.0,1.0,0.83333,1.0,1.0,1.0,1.0,1.0,1.0,1.0,0.83333,0.83333,1.0,0.83333,0.83333,1.0,1.0,1.0,1.0,1.0,1.0,1.0,1.0,1.0,1.0,1.0,1.0,1.0,0.83333,1.0,1.0
A36,0.33333,0.16666999999999998,0.16666999999999998,0.33333,0.33333,0.33333,0.0,0.16666999999999998,0.16666999999999998,0.33333,0.33333,0.5,0.0,0.33333,0.16666999999999998,0.33333,0.33333,0.33333,0.33333,1.0,1.0,1.0,1.0,1.0,1.0,1.0,1.0,0.66667,1.0,0.83333,1.0,1.0,1.0,1.0,1.0,1.0,1.0,1.0,1.0,1.0,0.83333,1.0,1.0,1.0,1.0,1.0,1.0,1.0,1.0,1.0,1.0,0.83333,1.0,0.83333,1.0,1.0,1.0,0.83333
A42,0.33333,0.66667,0.33333,0.33333,0.33333,0.33333,0.16666999999999998,0.0,0.33333,0.33333,0.5,0.33333,0.16666999999999998,0.33333,0.16666999999999998,0.16666999999999998,0.16666999999999998,0.33333,0.33333,1.0,1.0,1.0,1.0,1.0,1.0,1.0,1.0,1.0,1.0,1.0,1.0,1.0,1.0,1.0,1.0,1.0,1.0,0.83333,1.0,0.66667,1.0,1.0,1.0,1.0,1.0,1.0,1.0,1.0,1.0,1.0,1.0,1.0,1.0,1.0,1.0,1.0,1.0,1.0
A47,0.33333,0.16666999999999998,0.16666999999999998,0.33333,0.33333,0.33333,0.16666999999999998,0.33333,0.0,0.33333,0.33333,0.33333,0.16666999999999998,0.16666999999999998,0.16666999999999998,0.66667,0.16666999999999998,0.33333,0.33333,1.0,1.0,1.0,1.0,1.0,0.83333,1.0,1.0,1.0,1.0,1.0,1.0,1.0,1.0,1.0,1.0,0.83333,1.0,1.0,1.0,1.0,1.0,1.0,1.0,1.0,1.0,1.0,0.83333,0.5,1.0,1.0,1.0,1.0,1.0,1.0,1.0,1.0,1.0,1.0
A59,0.16666999999999998,0.33333,0.33333,0.0,0.16666999999999998,0.16666999999999998,0.33333,0.33333,0.33333,0.0,0.16666999999999998,0.66667,0.33333,0.5,0.33333,0.33333,0.33333,0.16666999999999998,0.33333,1.0,1.0,1.0,1.0,1.0,0.83333,1.0,1.0,1.0,1.0,1.0,1.0,0.83333,1.0,1.0,0.83333,1.0,1.0,1.0,0.66667,1.0,0.83333,1.0,1.0,1.0,1.0,1.0,1.0,1.0,1.0,1.0,1.0,1.0,1.0,1.0,0.83333,1.0,1.0,1.0
A75,0.16666999999999998,0.66667,0.33333,0.33333,0.16666999999999998,0.16666999999999998,0.33333,0.5,0.33333,0.16666999999999998,0.0,0.16666999999999998,0.33333,0.33333,0.33333,0.33333,0.5,0.33333,0.66667,0.83333,1.0,1.0,1.0,1.0,1.0,1.0,1.0,1.0,1.0,1.0,1.0,1.0,1.0,1.0,1.0,1.0,1.0,1.0,1.0,1.0,0.83333,1.0,1.0,1.0,1.0,1.0,1.0,1.0,0.83333,1.0,0.83333,1.0,1.0,1.0,1.0,1.0,1.0,0.83333
A98,0.16666999999999998,0.33333,0.5,0.16666999999999998,0.33333,0.0,0.5,0.33333,0.33333,0.66667,0.16666999999999998,0.0,0.33333,0.33333,0.66667,0.33333,0.16666999999999998,0.0,0.16666999999999998,1.0,1.0,1.0,1.0,0.83333,1.0,1.0,1.0,1.0,1.0,0.66667,1.0,1.0,1.0,1.0,1.0,1.0,1.0,0.83333,0.83333,1.0,1.0,1.0,1.0,1.0,1.0,1.0,1.0,1.0,1.0,1.0,1.0,1.0,1.0,1.0,1.0,0.66667,1.0,1.0
A40,0.33333,0.66667,0.16666999999999998,0.33333,0.33333,0.33333,0.0,0.16666999999999998,0.16666999999999998,0.33333,0.33333,0.33333,0.0,0.0,0.16666999999999998,0.16666999999999998,0.16666999999999998,0.33333,0.16666999999999998,1.0,1.0,1.0,1.0,1.0,1.0,1.0,1.0,1.0,0.83333,1.0,0.83333,1.0,1.0,1.0,1.0,1.0,1.0,1.0,0.83333,0.5,0.83333,1.0,1.0,0.66667,0.66667,1.0,0.83333,1.0,1.0,1.0,1.0,1.0,1.0,1.0,1.0,1.0,1.0,1.0
A51,0.33333,0.33333,0.16666999999999998,0.33333,0.33333,0.33333,0.33333,0.33333,0.16666999999999998,0.5,0.33333,0.33333,0.0,0.0,0.16666999999999998,0.16666999999999998,0.33333,0.33333,0.33333,1.0,1.0,1.0,1.0,1.0,1.0,1.0,0.83333,1.0,1.0,0.83333,1.0,1.0,1.0,1.0,0.83333,1.0,1.0,0.83333,0.66667,0.66667,0.83333,1.0,1.0,1.0,1.0,1.0,0.83333,1.0,1.0,1.0,0.66667,1.0,1.0,1.0,1.0,1.0,1.0,1.0
A57,0.33333,0.16666999999999998,0.16666999999999998,0.33333,0.33333,0.66667,0.16666999999999998,0.16666999999999998,0.16666999999999998,0.33333,0.33333,0.66667,0.16666999999999998,0.16666999999999998,0.0,0.16666999999999998,0.16666999999999998,0.16666999999999998,0.33333,1.0,0.5,1.0,1.0,1.0,1.0,1.0,1.0,1.0,1.0,1.0,1.0,1.0,1.0,1.0,1.0,1.0,1.0,1.0,1.0,1.0,1.0,1.0,1.0,1.0,1.0,1.0,0.66667,1.0,0.83333,0.83333,0.66667,1.0,1.0,1.0,0.83333,1.0,1.0,0.83333
A2,0.33333,0.33333,0.16666999999999998,0.33333,0.33333,0.33333,0.33333,0.16666999999999998,0.66667,0.33333,0.33333,0.33333,0.16666999999999998,0.16666999999999998,0.16666999999999998,0.0,0.33333,0.33333,0.16666999999999998,1.0,1.0,1.0,1.0,0.83333,1.0,1.0,1.0,1.0,1.0,1.0,1.0,1.0,1.0,1.0,1.0,1.0,1.0,0.66667,1.0,0.83333,1.0,1.0,1.0,1.0,1.0,1.0,1.0,1.0,1.0,1.0,1.0,1.0,1.0,1.0,0.83333,1.0,1.0,1.0
A28,0.16666999999999998,0.5,0.33333,0.16666999999999998,0.33333,0.33333,0.33333,0.16666999999999998,0.16666999999999998,0.33333,0.5,0.16666999999999998,0.16666999999999998,0.33333,0.16666999999999998,0.33333,0.0,0.16666999999999998,0.0,1.0,1.0,1.0,1.0,1.0,1.0,1.0,1.0,1.0,1.0,0.66667,1.0,1.0,1.0,1.0,1.0,1.0,1.0,1.0,1.0,1.0,1.0,1.0,0.83333,1.0,1.0,1.0,1.0,1.0,1.0,1.0,1.0,1.0,1.0,1.0,1.0,1.0,1.0,1.0
A85,0.16666999999999998,0.33333,0.5,0.16666999999999998,0.16666999999999998,0.66667,0.33333,0.33333,0.33333,0.16666999999999998,0.33333,0.0,0.33333,0.33333,0.16666999999999998,0.33333,0.16666999999999998,0.0,0.0,1.0,1.0,1.0,1.0,1.0,1.0,1.0,1.0,1.0,1.0,1.0,1.0,1.0,1.0,1.0,1.0,1.0,1.0,1.0,1.0,0.83333,1.0,1.0,1.0,1.0,1.0,1.0,1.0,1.0,1.0,1.0,1.0,0.83333,1.0,1.0,1.0,1.0,1.0,1.0
A95,0.33333,0.33333,0.16666999999999998,0.33333,0.33333,0.33333,0.33333,0.33333,0.33333,0.33333,0.66667,0.16666999999999998,0.16666999999999998,0.33333,0.33333,0.16666999999999998,0.0,0.0,0.0,1.0,1.0,1.0,1.0,1.0,1.0,1.0,1.0,1.0,1.0,1.0,1.0,1.0,1.0,1.0,1.0,1.0,1.0,1.0,1.0,0.83333,1.0,1.0,1.0,1.0,1.0,1.0,1.0,1.0,1.0,1.0,1.0,1.0,1.0,1.0,1.0,1.0,1.0,1.0
A7,0.83333,1.0,1.0,0.83333,1.0,1.0,1.0,1.0,1.0,1.0,0.83333,1.0,1.0,1.0,1.0,1.0,1.0,1.0,1.0,0.0,0.0,0.0,0.16666999999999998,0.33333,0.0,0.0,0.5,0.33333,0.33333,0.16666999999999998,0.33333,0.33333,0.5,0.5,0.66667,0.5,0.33333,0.83333,0.83333,1.0,1.0,0.0,0.66667,0.83333,0.0,0.33333,1.0,0.16666999999999998,0.83333,1.0,1.0,0.83333,0.83333,1.0,1.0,0.83333,1.0,0.83333
A12,1.0,1.0,1.0,0.83333,1.0,1.0,1.0,1.0,1.0,1.0,1.0,1.0,1.0,1.0,0.5,1.0,1.0,1.0,1.0,0.0,0.0,0.16666999999999998,0.0,0.33333,0.16666999999999998,0.66667,0.16666999999999998,0.5,0.33333,0.5,0.5,0.5,0.33333,0.66667,0.5,1.0,0.5,0.83333,1.0,0.83333,0.83333,0.5,0.83333,0.83333,0.16666999999999998,0.5,0.83333,0.0,1.0,0.83333,0.83333,0.66667,0.66667,1.0,0.66667,0.83333,0.83333,0.83333
A13,1.0,1.0,1.0,1.0,1.0,1.0,1.0,1.0,1.0,1.0,1.0,1.0,1.0,1.0,1.0,1.0,1.0,1.0,1.0,0.0,0.16666999999999998,0.0,0.16666999999999998,0.16666999999999998,0.16666999999999998,0.0,0.33333,0.5,0.16666999999999998,0.5,0.33333,0.5,0.5,0.5,0.66667,0.83333,0.5,1.0,1.0,0.83333,1.0,0.5,0.83333,0.66667,0.16666999999999998,0.5,1.0,0.16666999999999998,1.0,1.0,1.0,1.0,0.83333,0.83333,1.0,0.83333,0.83333,0.83333
A31,1.0,1.0,1.0,0.83333,0.66667,1.0,1.0,1.0,1.0,1.0,1.0,1.0,1.0,1.0,1.0,1.0,1.0,1.0,1.0,0.16666999999999998,0.0,0.16666999999999998,0.0,0.5,0.16666999999999998,0.33333,0.16666999999999998,0.33333,0.33333,0.16666999999999998,0.33333,0.66667,0.5,0.66667,0.5,0.66667,0.66667,0.83333,1.0,0.83333,1.0,0.33333,0.66667,0.83333,0.0,0.0,0.83333,0.16666999999999998,1.0,0.83333,1.0,0.66667,1.0,0.83333,0.66667,0.83333,1.0,1.0
A50,0.83333,1.0,1.0,1.0,0.83333,1.0,1.0,1.0,1.0,1.0,1.0,0.83333,1.0,1.0,1.0,0.83333,1.0,1.0,1.0,0.33333,0.33333,0.16666999999999998,0.5,0.0,0.33333,0.33333,0.33333,0.5,1.0,0.33333,0.66667,0.33333,0.16666999999999998,0.33333,0.5,0.5,0.16666999999999998,0.83333,1.0,0.83333,0.83333,0.5,0.83333,1.0,0.5,0.33333,0.83333,0.33333,1.0,1.0,1.0,0.66667,1.0,0.83333,0.83333,0.83333,0.83333,1.0
A53,1.0,1.0,1.0,1.0,1.0,1.0,1.0,1.0,0.83333,0.83333,1.0,1.0,1.0,1.0,1.0,1.0,1.0,1.0,1.0,0.0,0.16666999999999998,0.16666999999999998,0.16666999999999998,0.33333,0.0,0.0,0.33333,0.5,0.33333,0.5,0.33333,0.5,0.33333,0.5,0.66667,0.83333,0.66667,1.0,0.83333,0.83333,0.83333,0.66667,0.83333,0.83333,0.16666999999999998,0.33333,1.0,0.16666999999999998,1.0,1.0,1.0,1.0,0.83333,1.0,0.83333,0.83333,1.0,1.0
A96,1.0,1.0,1.0,1.0,0.83333,1.0,1.0,1.0,1.0,1.0,1.0,1.0,1.0,1.0,1.0,1.0,1.0,1.0,1.0,0.0,0.66667,0.0,0.33333,0.33333,0.0,0.0,0.33333,0.83333,0.33333,0.33333,0.5,0.5,0.5,0.5,0.83333,0.5,0.5,0.66667,0.83333,1.0,0.83333,0.33333,0.83333,0.83333,0.16666999999999998,0.66667,1.0,0.16666999999999998,1.0,0.83333,1.0,0.66667,1.0,1.0,1.0,1.0,0.83333,0.83333
A22,1.0,1.0,1.0,1.0,1.0,0.83333,1.0,1.0,1.0,1.0,1.0,1.0,1.0,0.83333,1.0,1.0,1.0,1.0,1.0,0.5,0.16666999999999998,0.33333,0.16666999999999998,0.33333,0.33333,0.33333,0.0,0.16666999999999998,0.0,0.0,0.16666999999999998,0.66667,0.5,0.5,0.66667,0.5,0.5,0.83333,0.83333,1.0,0.83333,0.33333,0.83333,0.83333,0.5,0.5,1.0,0.5,1.0,1.0,0.83333,0.66667,0.66667,1.0,0.83333,0.83333,0.83333,0.83333
A44,0.83333,1.0,1.0,1.0,0.83333,1.0,0.66667,1.0,1.0,1.0,1.0,1.0,1.0,1.0,1.0,1.0,1.0,1.0,1.0,0.33333,0.5,0.5,0.33333,0.5,0.5,0.83333,0.16666999999999998,0.0,0.16666999999999998,0.0,0.0,0.5,0.33333,0.33333,0.83333,0.33333,0.5,0.83333,0.66667,0.83333,0.83333,0.5,1.0,1.0,0.5,0.66667,1.0,0.66667,0.66667,1.0,0.83333,1.0,0.83333,1.0,0.83333,0.83333,0.83333,0.83333
A46,1.0,0.5,0.83333,1.0,1.0,1.0,1.0,1.0,1.0,1.0,1.0,1.0,0.83333,1.0,1.0,1.0,1.0,1.0,1.0,0.33333,0.33333,0.16666999999999998,0.33333,1.0,0.33333,0.33333,0.0,0.16666999999999998,0.0,0.0,0.16666999999999998,0.5,0.5,0.5,0.5,0.5,0.33333,0.83333,0.83333,1.0,0.83333,0.66667,0.83333,0.83333,0.33333,0.5,0.66667,1.0,1.0,1.0,1.0,0.66667,0.83333,1.0,0.83333,0.83333,1.0,0.83333
A64,0.83333,1.0,0.83333,1.0,0.83333,0.83333,0.83333,1.0,1.0,1.0,1.0,0.66667,1.0,0.83333,1.0,1.0,0.66667,1.0,1.0,0.16666999999999998,0.5,0.5,0.16666999999999998,0.33333,0.5,0.33333,0.0,0.0,0.0,0.0,0.16666999999999998,0.5,0.5,0.5,1.0,0.5,0.5,0.83333,0.83333,1.0,1.0,0.66667,0.83333,0.83333,0.33333,0.33333,1.0,0.5,1.0,1.0,1.0,0.66667,0.83333,1.0,0.83333,0.83333,0.83333,0.83333
A99,1.0,1.0,1.0,1.0,0.83333,1.0,1.0,1.0,1.0,1.0,1.0,1.0,0.83333,1.0,1.0,1.0,1.0,1.0,1.0,0.33333,0.5,0.33333,0.33333,0.66667,0.33333,0.5,0.16666999999999998,0.0,0.16666999999999998,0.16666999999999998,0.0,0.5,0.5,0.5,0.33333,0.5,0.5,0.83333,0.83333,0.83333,0.83333,0.5,0.83333,0.83333,0.16666999999999998,0.33333,1.0,0.33333,0.66667,1.0,0.83333,0.66667,0.66667,1.0,0.83333,1.0,1.0,0.66667
A17,1.0,1.0,1.0,1.0,0.83333,1.0,1.0,1.0,1.0,0.83333,1.0,1.0,1.0,1.0,1.0,1.0,1.0,1.0,1.0,0.33333,0.5,0.5,0.66667,0.33333,0.5,0.5,0.66667,0.5,0.5,0.5,0.5,0.0,0.16666999999999998,0.0,0.0,0.5,0.0,0.83333,0.83333,0.83333,0.83333,0.66667,1.0,1.0,0.33333,0.5,1.0,0.5,1.0,1.0,1.0,0.66667,1.0,1.0,1.0,1.0,0.83333,1.0
A21,1.0,1.0,1.0,1.0,1.0,1.0,1.0,1.0,1.0,1.0,1.0,1.0,1.0,1.0,1.0,1.0,1.0,1.0,1.0,0.5,0.33333,0.5,0.5,0.16666999999999998,0.33333,0.5,0.5,0.33333,0.5,0.5,0.5,0.16666999999999998,0.0,0.16666999999999998,0.0,0.5,1.0,0.66667,0.83333,0.66667,0.83333,1.0,0.83333,1.0,0.83333,0.66667,1.0,0.5,1.0,1.0,1.0,0.83333,0.83333,0.83333,1.0,1.0,1.0,0.83333
A41,1.0,1.0,1.0,1.0,1.0,1.0,1.0,1.0,1.0,1.0,1.0,1.0,1.0,1.0,1.0,1.0,1.0,1.0,1.0,0.5,0.66667,0.5,0.66667,0.33333,0.5,0.5,0.5,0.33333,0.5,0.5,0.5,0.0,0.16666999999999998,0.0,0.0,0.33333,0.0,1.0,1.0,1.0,1.0,0.5,0.66667,1.0,0.5,0.33333,1.0,0.66667,1.0,0.83333,1.0,0.83333,1.0,1.0,1.0,1.0,1.0,1.0
A72,1.0,1.0,1.0,1.0,0.83333,1.0,1.0,1.0,1.0,0.83333,1.0,1.0,1.0,0.83333,1.0,1.0,1.0,1.0,1.0,0.66667,0.5,0.66667,0.5,0.5,0.66667,0.83333,0.66667,0.83333,0.5,1.0,0.33333,0.0,0.0,0.0,0.0,0.5,0.0,1.0,1.0,0.83333,0.83333,0.83333,1.0,1.0,0.66667,0.33333,0.66667,0.66667,1.0,1.0,0.83333,0.83333,0.83333,1.0,1.0,1.0,1.0,1.0
A88,1.0,1.0,1.0,1.0,1.0,1.0,1.0,1.0,0.83333,1.0,1.0,1.0,1.0,1.0,1.0,1.0,1.0,1.0,1.0,0.5,1.0,0.83333,0.66667,0.5,0.83333,0.5,0.5,0.33333,0.5,0.5,0.5,0.5,0.5,0.33333,0.5,0.0,0.33333,1.0,0.83333,0.83333,0.66667,0.66667,1.0,0.83333,0.5,0.5,1.0,0.5,0.83333,1.0,1.0,0.33333,0.83333,1.0,0.66667,0.83333,1.0,1.0
A92,1.0,1.0,1.0,1.0,1.0,1.0,1.0,1.0,1.0,1.0,1.0,1.0,1.0,1.0,1.0,1.0,1.0,1.0,1.0,0.33333,0.5,0.5,0.66667,0.16666999999999998,0.66667,0.5,0.5,0.5,0.33333,0.5,0.5,0.0,1.0,0.0,0.0,0.33333,0.0,1.0,1.0,0.83333,0.83333,0.5,1.0,0.83333,0.33333,0.5,1.0,1.0,1.0,1.0,1.0,0.83333,1.0,1.0,1.0,1.0,1.0,0.83333
A15,0.33333,1.0,0.83333,0.66667,0.83333,0.83333,1.0,0.83333,1.0,1.0,1.0,0.83333,1.0,0.83333,1.0,0.66667,1.0,1.0,1.0,0.83333,0.83333,1.0,0.83333,0.83333,1.0,0.66667,0.83333,0.83333,0.83333,0.83333,0.83333,0.83333,0.66667,1.0,1.0,1.0,1.0,0.0,0.0,0.0,0.0,0.83333,1.0,1.0,0.83333,0.83333,1.0,0.83333,1.0,1.0,0.66667,1.0,1.0,1.0,1.0,1.0,1.0,1.0
A16,0.5,1.0,0.83333,0.83333,0.5,0.83333,1.0,1.0,1.0,0.66667,1.0,0.83333,0.83333,0.66667,1.0,1.0,1.0,1.0,1.0,0.83333,1.0,1.0,1.0,1.0,0.83333,0.83333,0.83333,0.66667,0.83333,0.83333,0.83333,0.83333,0.83333,1.0,1.0,0.83333,1.0,0.0,0.0,0.0,0.0,0.83333,1.0,1.0,1.0,1.0,1.0,0.83333,0.83333,1.0,0.66667,0.83333,1.0,1.0,1.0,1.0,0.83333,0.66667
A23,0.5,1.0,1.0,1.0,0.83333,1.0,1.0,0.66667,1.0,1.0,1.0,1.0,0.5,0.66667,1.0,0.83333,1.0,0.83333,0.83333,1.0,0.83333,0.83333,0.83333,0.83333,0.83333,1.0,1.0,0.83333,1.0,1.0,0.83333,0.83333,0.66667,1.0,0.83333,0.83333,0.83333,0.0,0.0,0.0,0.0,0.83333,1.0,1.0,1.0,0.5,1.0,0.66667,0.66667,1.0,0.66667,1.0,1.0,0.83333,1.0,1.0,0.83333,1.0
A70,0.5,1.0,1.0,0.83333,0.66667,0.83333,0.83333,1.0,1.0,0.83333,0.83333,1.0,0.83333,0.83333,1.0,1.0,1.0,1.0,1.0,1.0,0.83333,1.0,1.0,0.83333,0.83333,0.83333,0.83333,0.83333,0.83333,1.0,0.83333,0.83333,0.83333,1.0,0.83333,0.66667,0.83333,0.0,0.0,0.0,0.0,0.83333,1.0,0.83333,0.83333,1.0,1.0,1.0,0.66667,1.0,1.0,1.0,1.0,0.83333,1.0,1.0,0.83333,1.0
A8,1.0,0.83333,1.0,0.5,0.83333,0.83333,1.0,1.0,1.0,1.0,1.0,1.0,1.0,1.0,1.0,1.0,1.0,1.0,1.0,0.0,0.5,0.5,0.33333,0.5,0.66667,0.33333,0.33333,0.5,0.66667,0.66667,0.5,0.66667,1.0,0.5,0.83333,0.66667,0.5,0.83333,0.83333,0.83333,0.83333,0.0,0.83333,0.66667,0.33333,0.5,0.66667,0.5,1.0,1.0,0.83333,1.0,0.83333,1.0,0.83333,0.83333,0.83333,1.0
A20,1.0,1.0,1.0,1.0,1.0,1.0,1.0,1.0,1.0,1.0,1.0,1.0,1.0,1.0,1.0,1.0,0.83333,1.0,1.0,0.66667,0.83333,0.83333,0.66667,0.83333,0.83333,0.83333,0.83333,1.0,0.83333,0.83333,0.83333,1.0,0.83333,0.66667,1.0,1.0,1.0,1.0,1.0,1.0,1.0,0.83333,0.0,0.16666999999999998,0.83333,1.0,0.16666999999999998,0.33333,1.0,1.0,1.0,1.0,1.0,1.0,1.0,1.0,0.5,1.0
A49,1.0,0.83333,1.0,0.5,1.0,1.0,1.0,1.0,1.0,1.0,1.0,1.0,0.66667,1.0,1.0,1.0,1.0,1.0,1.0,0.83333,0.83333,0.66667,0.83333,1.0,0.83333,0.83333,0.83333,1.0,0.83333,0.83333,0.83333,1.0,1.0,1.0,1.0,0.83333,0.83333,1.0,1.0,1.0,0.83333,0.66667,0.16666999999999998,0.0,0.83333,0.83333,0.0,0.0,1.0,1.0,1.0,1.0,1.0,1.0,1.0,1.0,1.0,1.0
A71,1.0,1.0,0.5,1.0,1.0,1.0,1.0,1.0,1.0,1.0,1.0,1.0,0.66667,1.0,1.0,1.0,1.0,1.0,1.0,0.0,0.16666999999999998,0.16666999999999998,0.0,0.5,0.16666999999999998,0.16666999999999998,0.5,0.5,0.33333,0.33333,0.16666999999999998,0.33333,0.83333,0.5,0.66667,0.5,0.33333,0.83333,1.0,1.0,0.83333,0.33333,0.83333,0.83333,0.0,0.16666999999999998,0.83333,0.0,0.83333,0.66667,1.0,0.66667,1.0,1.0,0.5,1.0,1.0,1.0
A78,1.0,1.0,1.0,1.0,0.83333,1.0,1.0,1.0,1.0,1.0,1.0,1.0,1.0,1.0,1.0,1.0,1.0,1.0,1.0,0.33333,0.5,0.5,0.0,0.33333,0.33333,0.66667,0.5,0.66667,0.5,0.33333,0.33333,0.5,0.66667,0.33333,0.33333,0.5,0.5,0.83333,1.0,0.5,1.0,0.5,1.0,0.83333,0.16666999999999998,0.0,1.0,0.16666999999999998,1.0,0.83333,0.83333,0.83333,0.83333,1.0,0.83333,1.0,0.83333,0.83333
A87,1.0,0.66667,1.0,0.66667,1.0,1.0,1.0,1.0,0.83333,1.0,1.0,1.0,0.83333,0.83333,0.66667,1.0,1.0,1.0,1.0,1.0,0.83333,1.0,0.83333,0.83333,1.0,1.0,1.0,1.0,0.66667,1.0,1.0,1.0,1.0,1.0,0.66667,1.0,1.0,1.0,1.0,1.0,1.0,0.66667,0.16666999999999998,0.0,0.83333,1.0,0.0,0.66667,1.0,1.0,1.0,0.83333,1.0,1.0,0.83333,1.0,0.66667,1.0
A100,1.0,1.0,1.0,0.66667,1.0,1.0,1.0,1.0,0.5,1.0,1.0,1.0,1.0,1.0,1.0,1.0,1.0,1.0,1.0,0.16666999999999998,0.0,0.16666999999999998,0.16666999999999998,0.33333,0.16666999999999998,0.16666999999999998,0.5,0.66667,1.0,0.5,0.33333,0.5,0.5,0.66667,0.66667,0.5,1.0,0.83333,0.83333,0.66667,1.0,0.5,0.33333,0.0,0.0,0.16666999999999998,0.66667,0.0,0.83333,1.0,0.83333,0.66667,1.0,1.0,0.66667,1.0,1.0,1.0
A55,1.0,0.66667,1.0,1.0,1.0,1.0,1.0,1.0,1.0,1.0,0.83333,1.0,1.0,1.0,0.83333,1.0,1.0,1.0,1.0,0.83333,1.0,1.0,1.0,1.0,1.0,1.0,1.0,0.66667,1.0,1.0,0.66667,1.0,1.0,1.0,1.0,0.83333,1.0,1.0,0.83333,0.66667,0.66667,1.0,1.0,1.0,0.83333,1.0,1.0,0.83333,0.0,0.16666999999999998,0.0,0.16666999999999998,0.16666999999999998,0.5,0.33333,0.16666999999999998,0.16666999999999998,0.16666999999999998
A62,1.0,0.66667,0.83333,1.0,1.0,1.0,1.0,1.0,1.0,1.0,1.0,1.0,1.0,1.0,0.83333,1.0,1.0,1.0,1.0,1.0,0.83333,1.0,0.83333,1.0,1.0,0.83333,1.0,1.0,1.0,1.0,1.0,1.0,1.0,0.83333,1.0,1.0,1.0,1.0,1.0,1.0,1.0,1.0,1.0,1.0,0.66667,0.83333,1.0,1.0,0.16666999999999998,0.0,0.16666999999999998,0.16666999999999998,0.16666999999999998,0.16666999999999998,0.33333,0.33333,0.33333,0.33333
A68,1.0,0.66667,0.83333,1.0,1.0,1.0,1.0,1.0,1.0,1.0,0.83333,1.0,1.0,0.66667,0.66667,1.0,1.0,1.0,1.0,1.0,0.83333,1.0,1.0,1.0,1.0,1.0,0.83333,0.83333,1.0,1.0,0.83333,1.0,1.0,1.0,0.83333,1.0,1.0,0.66667,0.66667,0.66667,1.0,0.83333,1.0,1.0,1.0,0.83333,1.0,0.83333,0.0,0.16666999999999998,0.0,0.33333,0.16666999999999998,0.33333,0.16666999999999998,0.33333,0.0,0.16666999999999998
A5,1.0,0.83333,1.0,1.0,0.66667,1.0,0.83333,1.0,1.0,1.0,1.0,1.0,1.0,1.0,1.0,1.0,1.0,0.83333,1.0,0.83333,0.66667,1.0,0.66667,0.66667,1.0,0.66667,0.66667,1.0,0.66667,0.66667,0.66667,0.66667,0.83333,0.83333,0.83333,0.33333,0.83333,1.0,0.83333,1.0,1.0,1.0,1.0,1.0,0.66667,0.83333,0.83333,0.66667,0.16666999999999998,0.16666999999999998,0.33333,0.0,0.0,0.16666999999999998,0.16666999999999998,0.33333,0.16666999999999998,0.0
A24,1.0,0.66667,0.83333,0.83333,1.0,1.0,1.0,1.0,1.0,1.0,1.0,1.0,1.0,1.0,1.0,1.0,1.0,1.0,1.0,0.83333,0.66667,0.83333,1.0,1.0,0.83333,1.0,0.66667,0.83333,0.83333,0.83333,0.66667,1.0,0.83333,1.0,0.83333,0.83333,1.0,1.0,1.0,1.0,1.0,0.83333,1.0,1.0,1.0,0.83333,1.0,1.0,0.16666999999999998,0.16666999999999998,0.16666999999999998,0.0,0.0,0.5,0.0,0.33333,0.16666999999999998,0.16666999999999998
A27,1.0,0.83333,1.0,1.0,0.83333,1.0,0.83333,1.0,1.0,1.0,1.0,1.0,1.0,1.0,1.0,1.0,1.0,1.0,1.0,1.0,1.0,0.83333,0.83333,0.83333,1.0,1.0,1.0,1.0,1.0,1.0,1.0,1.0,0.83333,1.0,1.0,1.0,1.0,1.0,1.0,0.83333,0.83333,1.0,1.0,1.0,1.0,1.0,1.0,1.0,0.5,0.16666999999999998,0.33333,0.16666999999999998,0.5,0.0,0.33333,0.0,0.16666999999999998,0.16666999999999998
A48,1.0,0.83333,0.83333,1.0,1.0,1.0,1.0,1.0,1.0,0.83333,1.0,1.0,1.0,1.0,0.83333,0.83333,1.0,1.0,1.0,1.0,0.66667,1.0,0.66667,0.83333,0.83333,1.0,0.83333,0.83333,0.83333,0.83333,0.83333,1.0,1.0,1.0,1.0,0.66667,1.0,1.0,1.0,1.0,1.0,0.83333,1.0,1.0,0.5,0.83333,0.83333,0.66667,0.33333,0.33333,0.16666999999999998,0.16666999999999998,0.0,0.33333,0.0,0.33333,0.16666999999999998,0.16666999999999998
A74,1.0,0.83333,1.0,1.0,0.83333,0.83333,1.0,1.0,1.0,1.0,1.0,0.66667,1.0,1.0,1.0,1.0,1.0,1.0,1.0,0.83333,0.83333,0.83333,0.83333,0.83333,0.83333,1.0,0.83333,0.83333,0.83333,0.83333,1.0,1.0,1.0,1.0,1.0,0.83333,1.0,1.0,1.0,1.0,1.0,0.83333,1.0,1.0,1.0,1.0,1.0,1.0,0.16666999999999998,0.33333,0.33333,0.33333,0.33333,0.0,0.33333,0.0,0.16666999999999998,0.0
A77,1.0,0.66667,1.0,1.0,1.0,1.0,1.0,1.0,1.0,1.0,1.0,1.0,1.0,1.0,1.0,1.0,1.0,1.0,1.0,1.0,0.83333,0.83333,1.0,0.83333,1.0,0.83333,0.83333,0.83333,1.0,0.83333,1.0,0.83333,1.0,1.0,1.0,1.0,1.0,1.0,0.83333,0.83333,0.83333,0.83333,0.5,1.0,1.0,0.83333,0.66667,1.0,0.16666999999999998,0.33333,0.0,0.16666999999999998,0.16666999999999998,0.16666999999999998,0.16666999999999998,0.16666999999999998,0.0,0.0
A82,1.0,0.66667,1.0,1.0,1.0,1.0,0.83333,1.0,1.0,1.0,0.83333,1.0,1.0,1.0,0.83333,1.0,1.0,1.0,1.0,0.83333,0.83333,0.83333,1.0,1.0,1.0,0.83333,0.83333,0.83333,0.83333,0.83333,0.66667,1.0,0.83333,1.0,1.0,1.0,0.83333,1.0,0.66667,1.0,1.0,1.0,1.0,1.0,1.0,0.83333,1.0,1.0,0.16666999999999998,0.33333,0.16666999999999998,0.0,0.16666999999999998,0.16666999999999998,0.16666999999999998,0.0,0.0,0.0
